Revenue,proportion,count
0,0.8452554744525548,10422
1,0.15474452554744525,1908
