,precision,recall,f1-score,support
0,0.9141689373297003,0.9659309021113244,0.9393373775081661,2084.0
1,0.7310606060606061,0.5052356020942408,0.5975232198142415,382.0
accuracy,0.894566098945661,0.894566098945661,0.894566098945661,0.894566098945661
macro avg,0.8226147716951532,0.7355832521027825,0.7684302986612038,2466.0
weighted avg,0.885804224213401,0.894566098945661,0.8863880635426027,2466.0
